<?xml version="1.0"?>
<!--<!DOCTYPE metadata SYSTEM "http://www.esri.com/metadata/esriprof80.dtd">-->
<metadata xml:lang="en"><Esri><CreaDate>20090305</CreaDate><CreaTime>13045600</CreaTime><SyncOnce>FALSE</SyncOnce><SyncDate>20090806</SyncDate><SyncTime>14130800</SyncTime><ModDate>20090806</ModDate><ModTime>14130800</ModTime><MetaID>{5A003EEB-75AF-4DAB-B3A1-CB8FFD3469AB}</MetaID></Esri><idinfo><native Sync="TRUE">Microsoft Windows XP Version 5.1 (Build 2600) Service Pack 3; ESRI ArcCatalog 9.2.6.1500</native><descript><langdata Sync="TRUE">en</langdata><abstract>Extract of Cellular Radiotelephone Service sites.</abstract><purpose>Serve as base information for use in GIS systems for general planning, analytical, and research purposes. It is not intended for engineering work or to legally define reservation boundaries, FCC licensee data or FCC market boundaries.</purpose></descript><citation><citeinfo><origin>Federal Communications Commission</origin><pubdate>Unknown</pubdate><title Sync="TRUE">cellular</title><ftname Sync="TRUE">cellular</ftname><geoform Sync="TRUE">vector digital data</geoform><onlink>http:/wireless.fcc.gov/geographic</onlink></citeinfo></citation><timeperd><current>publication date</current><timeinfo><sngdate><caldate>20090226</caldate></sngdate></timeinfo></timeperd><status><progress>Complete</progress><update>Irregular</update></status><spdom><bounding><westbc Sync="TRUE">-176.705300</westbc><eastbc Sync="TRUE">145.795800</eastbc><northbc Sync="TRUE">71.317800</northbc><southbc Sync="TRUE">-70.322200</southbc></bounding><lboundng><leftbc Sync="TRUE">-176.705300</leftbc><rightbc Sync="TRUE">145.795800</rightbc><bottombc Sync="TRUE">-70.322200</bottombc><topbc Sync="TRUE">71.317800</topbc></lboundng></spdom><keywords><theme><themekey>Cellular Radiotelephone</themekey></theme></keywords><accconst>None.</accconst><useconst>None.</useconst><natvform Sync="TRUE">Shapefile</natvform><ptcontac><cntinfo><cntperp><cntper>Melvin C. Del Rosario</cntper><cntorg>Federal Communications Commission</cntorg></cntperp><cntpos>Engineer</cntpos><cntvoice>(202)418-0615</cntvoice><cntemail>melvin.delrosario@fcc.gov</cntemail><cntaddr><addrtype>mailing address</addrtype><address>445 12th SW</address><city>Washington</city><state>DC</state><postal>20554</postal><country>USA</country></cntaddr></cntinfo></ptcontac><datacred>Federal Communications Commission</datacred></idinfo><dataIdInfo><envirDesc Sync="TRUE">Microsoft Windows XP Version 5.1 (Build 2600) Service Pack 3; ESRI ArcCatalog 9.2.6.1500</envirDesc><dataLang><languageCode Sync="TRUE" value="en"></languageCode></dataLang><idCitation><resTitle Sync="TRUE">cellular</resTitle><presForm><PresFormCd Sync="TRUE" value="005"></PresFormCd></presForm></idCitation><spatRpType><SpatRepTypCd Sync="TRUE" value="001"></SpatRepTypCd></spatRpType><dataExt><geoEle><GeoBndBox esriExtentType="native"><westBL Sync="TRUE">-176.7053</westBL><eastBL Sync="TRUE">145.7958</eastBL><northBL Sync="TRUE">71.3178</northBL><southBL Sync="TRUE">-70.3222</southBL><exTypeCode Sync="TRUE">1</exTypeCode></GeoBndBox></geoEle></dataExt><geoBox esriExtentType="decdegrees"><westBL Sync="TRUE">-176.7053</westBL><eastBL Sync="TRUE">145.7958</eastBL><northBL Sync="TRUE">71.3178</northBL><southBL Sync="TRUE">-70.3222</southBL><exTypeCode Sync="TRUE">1</exTypeCode></geoBox></dataIdInfo><metainfo><langmeta Sync="TRUE">en</langmeta><metstdn Sync="TRUE">FGDC Content Standards for Digital Geospatial Metadata</metstdn><metstdv Sync="TRUE">FGDC-STD-001-1998</metstdv><mettc Sync="TRUE">local time</mettc><metc><cntinfo><cntaddr><addrtype>mailing and physical address</addrtype><city>Washington</city><state>DC</state><postal>20554</postal><address>445 12th St. SW</address><country>USA</country></cntaddr><cntvoice>(202)418-0615</cntvoice><cntemail>melvin.delrosario@fcc.gov</cntemail><cntperp><cntper>Melvin C. Del Rosario</cntper><cntorg>Federal Communications Commission</cntorg></cntperp></cntinfo></metc><metd>20090304</metd><metextns><onlink Sync="TRUE">http://www.esri.com/metadata/esriprof80.html</onlink><metprof Sync="TRUE">ESRI Metadata Profile</metprof></metextns></metainfo><mdLang><languageCode Sync="TRUE" value="en"></languageCode></mdLang><mdStanName Sync="TRUE">ISO 19115 Geographic Information - Metadata</mdStanName><mdStanVer Sync="TRUE">DIS_ESRI1.0</mdStanVer><mdChar><CharSetCd Sync="TRUE" value="004"></CharSetCd></mdChar><mdHrLv><ScopeCd Sync="TRUE" value="005"></ScopeCd></mdHrLv><mdHrLvName Sync="TRUE">dataset</mdHrLvName><distinfo><resdesc Sync="TRUE">Downloadable Data</resdesc><stdorder><digform><digtinfo><transize Sync="TRUE">0.568</transize><dssize Sync="TRUE">0.568</dssize></digtinfo></digform></stdorder><distliab>Any use of trade, product, or firm names is for descriptive purposes only and does not imply endorsement by the U.S. Government or the Federal Communications Commission (FCC). No warranty expressed or implied is made by the FCC as to the accuracy of the data and related materials. The act of distribution shall not constitute any such warranty, and no responsibility is assumed by the FCC in the use of this data, or related materials. </distliab></distinfo><distInfo><distributor><distorTran><onLineSrc><orDesc Sync="TRUE">002</orDesc><linkage Sync="TRUE">file://\\FCCGIS1\C\cd\Data\db\cellular.shp</linkage><protocol Sync="TRUE">Local Area Network</protocol></onLineSrc><transSize Sync="TRUE">0.568</transSize></distorTran><distorFormat><formatName Sync="TRUE">Shapefile</formatName></distorFormat></distributor></distInfo><spdoinfo><direct Sync="TRUE">Vector</direct><ptvctinf><esriterm Name="cellular"><efeatyp Sync="TRUE">Simple</efeatyp><efeageom Sync="TRUE">Point</efeageom><esritopo Sync="TRUE">FALSE</esritopo><efeacnt Sync="TRUE">21265</efeacnt><spindex Sync="TRUE">FALSE</spindex><linrefer Sync="TRUE">FALSE</linrefer></esriterm><sdtsterm Name="cellular"><sdtstype Sync="TRUE">Entity point</sdtstype><ptvctcnt Sync="TRUE">21265</ptvctcnt></sdtsterm></ptvctinf></spdoinfo><spatRepInfo><VectSpatRep><topLvl><TopoLevCd Sync="TRUE" value="001"></TopoLevCd></topLvl><geometObjs Name="cellular"><geoObjTyp><GeoObjTypCd Sync="TRUE" value="004"></GeoObjTypCd></geoObjTyp><geoObjCnt Sync="TRUE">21265</geoObjCnt></geometObjs></VectSpatRep></spatRepInfo><eainfo><detailed Name="cellular"><enttyp><enttypl Sync="TRUE">cellular</enttypl><enttypt Sync="TRUE">Feature Class</enttypt><enttypc Sync="TRUE">21265</enttypc></enttyp><attr><attrlabl Sync="TRUE">FID</attrlabl><attalias Sync="TRUE">FID</attalias><attrtype Sync="TRUE">OID</attrtype><attwidth Sync="TRUE">4</attwidth><atprecis Sync="TRUE">0</atprecis><attscale Sync="TRUE">0</attscale><attrdef Sync="TRUE">Internal feature number.</attrdef><attrdefs Sync="TRUE">ESRI</attrdefs><attrdomv><udom Sync="TRUE">Sequential unique whole numbers that are automatically generated.</udom></attrdomv></attr><attr><attrlabl Sync="TRUE">Shape</attrlabl><attalias Sync="TRUE">Shape</attalias><attrtype Sync="TRUE">Geometry</attrtype><attwidth Sync="TRUE">0</attwidth><atprecis Sync="TRUE">0</atprecis><attscale Sync="TRUE">0</attscale><attrdef Sync="TRUE">Feature geometry.</attrdef><attrdefs Sync="TRUE">ESRI</attrdefs><attrdomv><udom Sync="TRUE">Coordinates defining the features.</udom></attrdomv></attr><attr><attrlabl Sync="TRUE">CALLSIGN</attrlabl><attalias Sync="TRUE">CALLSIGN</attalias><attrtype Sync="TRUE">String</attrtype><attwidth Sync="TRUE">80</attwidth></attr><attr><attrlabl Sync="TRUE">LICENSEE</attrlabl><attalias Sync="TRUE">LICENSEE</attalias><attrtype Sync="TRUE">String</attrtype><attwidth Sync="TRUE">7</attwidth></attr><attr><attrlabl Sync="TRUE">LOCNUM</attrlabl><attalias Sync="TRUE">LOCNUM</attalias><attrtype Sync="TRUE">String</attrtype><attwidth Sync="TRUE">2</attwidth></attr><attr><attrlabl Sync="TRUE">LAT_DMS</attrlabl><attalias Sync="TRUE">LAT_DMS</attalias><attrtype Sync="TRUE">String</attrtype><attwidth Sync="TRUE">8</attwidth></attr><attr><attrlabl Sync="TRUE">LATDIR</attrlabl><attalias Sync="TRUE">LATDIR</attalias><attrtype Sync="TRUE">String</attrtype><attwidth Sync="TRUE">1</attwidth></attr><attr><attrlabl Sync="TRUE">LON_DMS</attrlabl><attalias Sync="TRUE">LON_DMS</attalias><attrtype Sync="TRUE">String</attrtype><attwidth Sync="TRUE">9</attwidth></attr><attr><attrlabl Sync="TRUE">LONDIR</attrlabl><attalias Sync="TRUE">LONDIR</attalias><attrtype Sync="TRUE">String</attrtype><attwidth Sync="TRUE">1</attwidth></attr><attr><attrlabl Sync="TRUE">LOCADD</attrlabl><attalias Sync="TRUE">LOCADD</attalias><attrtype Sync="TRUE">String</attrtype><attwidth Sync="TRUE">70</attwidth></attr><attr><attrlabl Sync="TRUE">LOCCITY</attrlabl><attalias Sync="TRUE">LOCCITY</attalias><attrtype Sync="TRUE">String</attrtype><attwidth Sync="TRUE">20</attwidth></attr><attr><attrlabl Sync="TRUE">LOCCOUNTY</attrlabl><attalias Sync="TRUE">LOCCOUNTY</attalias><attrtype Sync="TRUE">String</attrtype><attwidth Sync="TRUE">31</attwidth></attr><attr><attrlabl Sync="TRUE">LOCSTATE</attrlabl><attalias Sync="TRUE">LOCSTATE</attalias><attrtype Sync="TRUE">String</attrtype><attwidth Sync="TRUE">2</attwidth></attr><attr><attrlabl Sync="TRUE">NEPA</attrlabl><attalias Sync="TRUE">NEPA</attalias><attrtype Sync="TRUE">String</attrtype><attwidth Sync="TRUE">2</attwidth></attr><attr><attrlabl Sync="TRUE">QZONE</attrlabl><attalias Sync="TRUE">QZONE</attalias><attrtype Sync="TRUE">String</attrtype><attwidth Sync="TRUE">10</attwidth></attr><attr><attrlabl Sync="TRUE">TOWREG</attrlabl><attalias Sync="TRUE">TOWREG</attalias><attrtype Sync="TRUE">String</attrtype><attwidth Sync="TRUE">7</attwidth></attr><attr><attrlabl Sync="TRUE">SUPSTRUC</attrlabl><attalias Sync="TRUE">SUPSTRUC</attalias><attrtype Sync="TRUE">Number</attrtype><attwidth Sync="TRUE">31</attwidth><atnumdec Sync="TRUE">15</atnumdec></attr><attr><attrlabl Sync="TRUE">ALLSTRUC</attrlabl><attalias Sync="TRUE">ALLSTRUC</attalias><attrtype Sync="TRUE">Number</attrtype><attwidth Sync="TRUE">31</attwidth><atnumdec Sync="TRUE">15</atnumdec></attr><attr><attrlabl Sync="TRUE">STRUCTYPE</attrlabl><attalias Sync="TRUE">STRUCTYPE</attalias><attrtype Sync="TRUE">String</attrtype><attwidth Sync="TRUE">6</attwidth></attr><attr><attrlabl Sync="TRUE">LIC_ID</attrlabl><attalias Sync="TRUE">LIC_ID</attalias><attrtype Sync="TRUE">String</attrtype><attwidth Sync="TRUE">9</attwidth></attr></detailed></eainfo><mdDateSt Sync="TRUE">20090806</mdDateSt><spref><horizsys><geodetic><horizdn Sync="TRUE">North American Datum of 1983</horizdn><ellips Sync="TRUE">Geodetic Reference System 80</ellips><semiaxis Sync="TRUE">6378137.000000</semiaxis><denflat Sync="TRUE">298.257222</denflat></geodetic><cordsysn><geogcsn Sync="TRUE">GCS_North_American_1983</geogcsn></cordsysn><geograph><geogunit Sync="TRUE">Decimal degrees</geogunit><latres Sync="TRUE">0.000000</latres><longres Sync="TRUE">0.000000</longres></geograph></horizsys></spref><refSysInfo><RefSystem><refSysID><identCode Sync="TRUE">GCS_North_American_1983</identCode></refSysID></RefSystem></refSysInfo><dataqual><lineage><procstep><date Sync="TRUE">20090304</date><time Sync="TRUE">13513500</time></procstep><procstep><procdesc Sync="TRUE">Metadata imported.</procdesc><srcused Sync="TRUE">C:\fcc_db\ZZZ_FCC_GEO\Data\db\Template.shp.xml</srcused><date Sync="TRUE">20090305</date><time Sync="TRUE">13045600</time></procstep></lineage></dataqual></metadata>
